sku,name,category,description,specs,precio_lista,precio_efectivo,precio_transferencia,precio_mayorista,precio_mayorista_transferencia,cuotas,cuota_valor,timestamp,images
AUTO-20260731111239-1,Bolsa de Box con Guantes Chicos de Hulk para Chicos,Accesorios,,,4763,4049,4287,3968,4047,3,1588,2026-07-31T11:12:39,organized_images/AUTO-20260731111239-1_Bolsa_de_Box_con_Guantes_Chicos_de_Hulk_para_Chico/AUTO-20260731111239-1_1.jpeg
AUTO-20260731111239-13,Bolsa de Box + Guantes (chico) de Boca para chicos,Accesorios,"TAMBIÉN DISPONIBLE EN:
- IRON MAN
- HOMBRE ARAÑA
- CAPITAN AMÉRICA",,4783,4066,4305,3984,,3,1594,2026-07-31T11:12:39,organized_images/AUTO-20260731111239-13_Bolsa_de_Box__Guantes_chico_de_Boca_para_chicos/AUTO-20260731111239-13_1.jpeg
6140,Silla Gamer Ultrom Negro-Verde (N°6140,Gaming,,,130513,110936,117461,108326,,3,43504,2026-07-31T11:12:39,organized_images/6140_Silla_Gamer_Ultrom_Negro-Verde_N6140/6140_1.jpeg
6232,Mesa Gamer GT-2310 Ultrom (6232,Gaming,,"✅ Estructura robusta y resistente
✅ Pasacables
✅ Superficie anti-rayones
✅ Acabado texturizado",124528,105848,107965,103358,,3,41509,2026-07-31T11:12:40,organized_images/6232_Mesa_Gamer_GT-2310_Ultrom_6232/6232_1.jpeg
5448,Celular Moto E14 Lavanda 2+2+64GB (N°5448,Celulares,,,166108,141192,149497,137870,,3,55369,2026-07-31T11:12:40,organized_images/5448_Celular_Moto_E14_Lavanda_2264GB_N5448/5448_1.jpeg
9347,"Potencia, espacio y estilo en la palma de tu mano",Varios,(9347) Celular Motorola G06 4GB RAM + 128GB Azul,"* ✅ Pantalla amplia y brillante
* ✅ 4GB de memoria RAM
* ✅ 128GB de almacenamiento interno
* ✅ Batería de larga duración
* ✅ Cámara para capturar tus mejores momentos
* ✅ Sistema Android
* ✅ Diseño moderno y elegante en color azul",253012,215060,219362,210000,,3,84338,2026-07-31T11:12:40,organized_images/9347_Potencia_espacio_y_estilo_en_la_palma_de_tu_mano/9347_1.jpeg|organized_images/9347_Potencia_espacio_y_estilo_en_la_palma_de_tu_mano/9347_2.jpeg
AUTO-20260731111240-80,"𝐓𝐚𝐛𝐥𝐞𝐭 𝐔𝐥𝐭𝐫𝐨𝐦 𝐀𝐥𝐩𝐡𝐚 𝟏𝟎.𝟏"" 𝟏𝟐𝟖𝐆𝐁 (𝐍°𝟔𝟖𝟔𝟓",Tablets,"𝐏𝐚𝐧𝐭𝐚𝐥𝐥𝐚 𝟏𝟎.𝟏"" 𝐇𝐃 📱
𝐀𝐧𝐝𝐫𝐨𝐢𝐝 𝟏𝟑 + 𝟒𝐆𝐁 𝐑𝐀𝐌 ⚙️
𝐀𝐥𝐦𝐚𝐜𝐞𝐧𝐚𝐦𝐢𝐞𝐧𝐭𝐨 𝟏𝟐𝟖𝐆𝐁 💾
𝐂á𝐦𝐚𝐫𝐚 𝟏𝟑𝐌𝐏 + 𝐟𝐫𝐨𝐧𝐭𝐚𝐥 𝟓𝐌𝐏 📸",,213568,181533,192212,177261,,3,71190,2026-07-31T11:12:40,organized_images/AUTO-20260731111240-80_𝐓𝐚𝐛𝐥𝐞𝐭_𝐔𝐥𝐭𝐫𝐨𝐦_𝐀𝐥𝐩𝐡𝐚_𝟏𝟎𝟏_𝟏𝟐𝟖𝐆𝐁_𝐍𝟔𝟖𝟔𝟓/AUTO-20260731111240-80_1.jpeg
6865,"Tablet Ultrom Alpha 10.1"" 128GB 4RAM (N°6865",Tablets,,,213568,181533,192212,177261,,3,71190,2026-07-31T11:12:40,organized_images/6865_Tablet_Ultrom_Alpha_101_128GB_4RAM_N6865/6865_1.jpeg
5751,Sillón Playero MOR Plegable (5751,Outdoor/Playa,🪑 Sillón Playero MOR Plegable (5751),"✔️ Práctico y liviano
✔️ Se pliega fácil para transportar
✔️ Ideal para playa, camping o patio",23813,20241,21432,19765,,,,2026-07-31T13:51:52,organized_images/5751_Sillón_Playero_MOR_Plegable_5751/5751_1.jpeg
5752,Reposera 8 Posiciones Mor de Aluminio (N°5752,Outdoor/Playa,,"✅ 8 posiciones — Ajustá el respaldo como más te guste, desde sentado hasta acostado 😌
✅ Reposabrazos de plástico — Más confort y durabilidad 💪
✅ Estructura de aluminio — Liviana, resistente y libre de óxido ⚙️
✅ Plegable y portátil — Llevála fácil a la playa, patio o camping 🚗
✅ Soporta hasta 100 kg — Seguridad y comodidad garantizadas 🧍",33298,28303,29968,27637,,,,2026-07-31T13:51:53,organized_images/5752_Reposera_8_Posiciones_Mor_de_Aluminio_N5752/5752_1.jpeg
6737,Carrito de Playa Negro de Aluminio MOR (N°6737,Outdoor/Playa,"📏 Medidas: 84 cm x 48,3 cm x 1,11 m
🦾 Material: aluminio resistente",✅ Plegable y fácil de transportar,54708,46502,49237,45408,,,,2026-07-31T13:51:53,organized_images/6737_Carrito_de_Playa_Negro_de_Aluminio_MOR_N6737/6737_1.jpeg
6736,Carrito de Playa c/ Extensión p/ Conservadora MOR (N°6736 / N°6738,Outdoor/Playa,"🎨 Colores disponibles:
🔵 Azul (N°6736)
⚫ Negro (N°6738)","✅ Estructura de aluminio liviano
✅ Plegable y fácil de transportar
✅ Medidas: 84 × 48.3 × 111 cm
✅ Incluye extensión para conservadora",63119,53651,56807,52389,,,,2026-07-31T13:51:53,organized_images/6736_Carrito_de_Playa_c_Extensión_p_Conservadora_MOR_N6/6736_1.jpeg
9479,Lavarropas Drean Semiautomático 8 Kg Gris LTDR87SGO (N°9479,Lavarropas/Secarropas,🛒 Lavarropas Drean Semiautomático 8 Kg Gris LTDR87SGO (N°9479),,373343,317342,336009,309875,,,,2026-08-01T10:03:07,organized_images/9479_Lavarropas_Drean_Semiautomático_8_Kg_Gris_LTDR87SG/9479_1.jpeg|organized_images/9479_Lavarropas_Drean_Semiautomático_8_Kg_Gris_LTDR87SG/9479_2.jpeg
6231,Lavarropas Enova Carga Superior 6KG Blanco (N°6231,Lavarropas/Secarropas,,"✅ Capacidad de 6 kg
✅ Centrifugado 700 RPM
✅ 8 programas de lavado
✅ Medidas: 54 x 90,5 x 52 cm",422183,358856,366033,350412,,3,140728,2026-08-04T11:39:34,organized_images/6231_Lavarropas_Enova_Carga_Superior_6KG_Blanco_N6231/6231_1.jpeg|organized_images/6231_Lavarropas_Enova_Carga_Superior_6KG_Blanco_N6231/6231_2.jpeg|organized_images/6231_Lavarropas_Enova_Carga_Superior_6KG_Blanco_N6231/6231_3.jpeg
8575,𝗦𝗠𝗔𝗥𝗧 𝗧𝗩 𝗛𝗬𝗨𝗡𝗗𝗔𝗜 𝟲𝟱” 𝗤𝗟𝗘𝗗 𝗚𝗢𝗢𝗚𝗟𝗘 𝗧𝗩 - Cod.8575,TVs,"📺✨ 𝗦𝗠𝗔𝗥𝗧 𝗧𝗩 𝗛𝗬𝗨𝗡𝗗𝗔𝗜 𝟲𝟱” 𝗤𝗟𝗘𝗗 𝗚𝗢𝗢𝗚𝗟𝗘 𝗧𝗩 - Cod.8575  ✨📺
⚡ 𝗜𝗠𝗔𝗚𝗘𝗡 𝟰𝗞 𝗨𝗛𝗗 + 𝗖𝗢𝗟𝗢𝗥𝗘𝗦 𝗤𝗟𝗘𝗗
🎙️ 𝗖𝗢𝗡𝗧𝗥𝗢𝗟 𝗣𝗢𝗥 𝗩𝗢𝗭
📡 𝗪𝗜-𝗙𝗜 + 𝗕𝗟𝗨𝗘𝗧𝗢𝗢𝗧𝗛
🎮 𝟯 𝗣𝗨𝗘𝗥𝗧𝗢𝗦 𝗛𝗗𝗠𝗜 + 𝗨𝗦𝗕
🏷️ Llevando 3u IGUALES $985.370
🏷️ Llevando 3u IGUALES $930.699",🎬 Netflix • YouTube • Disney+ • Prime Video y más ⚽🔥,1117199,949619,1005479,927275,,3,372400,2026-08-01T10:04:32,organized_images/8575_𝗦𝗠𝗔𝗥𝗧_𝗧𝗩_𝗛𝗬𝗨𝗡𝗗𝗔𝗜_𝟲𝟱_𝗤𝗟𝗘𝗗_𝗚𝗢𝗢𝗚𝗟𝗘_𝗧𝗩_-_Cod8575/8575_1.jpeg
9449,Set de Vajillas Durax 12 Piezas Gema + Lunita (N°9449,Pequeños Electrodomésticos,🛒 Set de Vajillas Durax 12 Piezas Gema + Lunita (N°9449),,19871,16890,17884,16493,,,,2026-08-01T10:07:50,organized_images/9449_Set_de_Vajillas_Durax_12_Piezas_Gema__Lunita_N9449/9449_1.jpeg|organized_images/9449_Set_de_Vajillas_Durax_12_Piezas_Gema__Lunita_N9449/9449_2.jpeg
9448,Vaso Durax FourPack Facetado 400cc (N°9448,Pequeños Electrodomésticos,🛒 Vaso Durax FourPack Facetado 400cc (N°9448),,3794,3225,3415,3149,,,,2026-08-01T10:07:50,organized_images/9448_Vaso_Durax_FourPack_Facetado_400cc_N9448/9448_1.jpeg
9447,Vaso Durax SixPack Point (N°9447,Pequeños Electrodomésticos,🛒 Vaso Durax SixPack Point (N°9447),,3131,2661,2818,2599,,,,2026-08-01T10:07:50,organized_images/9447_Vaso_Durax_SixPack_Point_N9447/9447_1.jpeg
9446,Plato Durax Hondo Fénix Blanco (N°9446,Pequeños Electrodomésticos,🛒 Plato Durax Hondo Fénix Blanco (N°9446),,800,680,720,664,,,,2026-08-01T10:07:51,organized_images/9446_Plato_Durax_Hondo_Fénix_Blanco_N9446/9446_1.jpeg
9445,Plato Durax Playo Fénix Blanco (N°9445,Pequeños Electrodomésticos,🛒 Plato Durax Playo Fénix Blanco (N°9445),,800,680,720,664,,,,2026-08-01T10:07:51,organized_images/9445_Plato_Durax_Playo_Fénix_Blanco_N9445/9445_1.jpeg
9430,Escurridor Cool Bazar Cuadrado Negro A1248 (N°9430,Varios,🛒 Escurridor Cool Bazar Cuadrado Negro A1248 (N°9430),,20648,17551,18583,17138,,,,2026-08-01T10:07:51,organized_images/9430_Escurridor_Cool_Bazar_Cuadrado_Negro_A1248_N9430/9430_1.jpeg
9614,Heladera Drean No Frost Inverter 356 L Inox RZN356FXARX0 (N°9614,Heladeras/Freezers,🛒 Heladera Drean No Frost Inverter 356 L Inox RZN356FXARX0 (N°9614),,902047,766740,811842,748699,,,,2026-08-01T10:08:21,organized_images/9614_Heladera_Drean_No_Frost_Inverter_356_L_Inox_RZN356/9614_1.jpeg|organized_images/9614_Heladera_Drean_No_Frost_Inverter_356_L_Inox_RZN356/9614_2.jpeg
AUTO-20260801144718-294,Almohada ALTIOR Soft Esencial,Hogar/Baño,,,7987,6789,7188,6629,,3,2745,2026-08-01T14:47:18,organized_images/AUTO-20260801144718-294_Almohada_ALTIOR_Soft_Esencial/AUTO-20260801144718-294_1.jpeg
6322,Bicicleta Infantil Reforzada Nathor R12 con Rueditas y Cantimplora Rosa (N°6322,Bicicletas,,,69528,59099,62575,57708,58862,,,2026-08-03T11:32:14,organized_images/6322_Bicicleta_Infantil_Reforzada_Nathor_R12_con_Ruedit/6322_1.jpeg
5748,Bicicleta Infantil Reforzada Nathor R12 con Rueditas Minnie Rosa (N°5748,Bicicletas,,,69528,59099,62575,57708,58862,,,2026-08-03T11:32:14,organized_images/5748_Bicicleta_Infantil_Reforzada_Nathor_R12_con_Ruedit/5748_1.jpeg
6323,Bicicleta Infantil Reforzada Nathor R12 con Rueditas y Cantimplora Violeta (N°6323,Bicicletas,,,69528,59099,62575,57708,58862,,,2026-08-03T11:32:14,organized_images/6323_Bicicleta_Infantil_Reforzada_Nathor_R12_con_Ruedit/6323_1.jpeg
6325,Bicicleta Infantil Reforzada Nathor R12 con Rueditas y Cantimplora Negro/Rojo (N°6325,Bicicletas,,,69528,59099,62575,57708,58862,,,2026-08-03T11:32:14,organized_images/6325_Bicicleta_Infantil_Reforzada_Nathor_R12_con_Ruedit/6325_1.jpeg
6518,Bicicleta Infantil Reforzada Nathor R12 con Rueditas y Cantimplora Fire Man (N°6518,Bicicletas,🛒 Bicicleta Infantil Reforzada Nathor R12 con Rueditas y Cantimplora Fire Man (N°6518),,69528,59099,62575,57708,58862,,,2026-08-03T11:32:14,organized_images/6518_Bicicleta_Infantil_Reforzada_Nathor_R12_con_Ruedit/6518_1.jpeg
6866,Bicicleta Fiat 500 Rodado 12 con Ruedas de Goma y Cantimplora Azul (N°6866,Bicicletas,,,59537,50606,53583,49416,50404,,,2026-08-03T11:32:14,organized_images/6866_Bicicleta_Fiat_500_Rodado_12_con_Ruedas_de_Goma_y_/6866_1.jpeg
6867,Bicicleta Fiat 500 Rodado 12 con Ruedas de Goma y Cantimplora Rosa (N°6867,Bicicletas,,,59537,50606,53583,49416,50404,,,2026-08-03T11:32:14,organized_images/6867_Bicicleta_Fiat_500_Rodado_12_con_Ruedas_de_Goma_y_/6867_1.jpeg
7815,Bicicleta Anderson Aluminio R29,Bicicletas,"🎨 Modelos disponibles:
🔴 Negro/Rojo S600 (N°7815 / 8449)
⚪ Negro/Blanco S600 (N°7792 / 7816 / 8448)
🔵 Negro/Azul A600 (N°7708 / 7794 / 7814)⛔
🌸 Negro/Rosa A600 (N°7813)⛔
⚫ Gris/Negro A600 (N°7795 / 7812 / 7793)⛔",,230147,195625,207132,191022,202258,,,2026-08-03T11:32:15,organized_images/7815_Bicicleta_Anderson_Aluminio_R29/7815_1.jpeg
9456,"Bicicleta Fiat 500 R29"" Marrón Topo/Naranja (N°9456",Bicicletas,"🛒 Bicicleta Fiat 500 R29"" Marrón Topo/Naranja (N°9456)",,264216,224584,237794,219299,,,,2026-08-03T11:32:15,organized_images/9456_Bicicleta_Fiat_500_R29_Marrón_TopoNaranja_N9456/9456_1.jpeg
9457,"Bicicleta Fiat 500 R29"" Gris L13Q 2129001MD (N°9457",Bicicletas,"🛒 Bicicleta Fiat 500 R29"" Gris L13Q 2129001MD (N°9457)",,264216,224584,237794,219299,,,,2026-08-03T11:32:15,organized_images/9457_Bicicleta_Fiat_500_R29_Gris_L13Q_2129001MD_N9457/9457_1.jpeg
6310,Bicicleta Corvo R27 Playera,Bicicletas,"🎨 Colores disponibles:
⚫ Negro (6310)
🟢  Verde agua
🏷️ Unidad $166.360","✅ Asiento ergonómico
✅ Estructura de acero
✅ Frenos V-Br",195718,166360,176146,162446,,3,65239,2026-08-03T11:32:15,organized_images/6310_Bicicleta_Corvo_R27_Playera/6310_1.jpeg
6289,Bicicleta Corvo Infantil 16,Bicicletas,🔘 (6289) GRIS,"✅ Horquilla de Acero
✅ Cuadro de Acero
✅ Manubrio de Acero
✅ Guardabarros en ambas ruedas",177973,151277,160175,147718,,3,59324,2026-08-03T11:32:15,organized_images/6289_Bicicleta_Corvo_Infantil_16/6289_1.jpeg
5706,Bicicleta R12 FIAT NEGRO/ GRIS - (N°5706,Bicicletas,,,59323,50425,53391,49416,52323,3,19774,2026-08-03T11:32:15,organized_images/5706_Bicicleta_R12_FIAT_NEGRO_GRIS_-_N5706/5706_1.jpeg
6324,Bicicleta Infantil Reforzada Nathor R12 con Rueditas y Cantimplora Verde (N°6324,Bicicletas,,,70918,60280,63826,58862,,,,2026-08-03T11:32:15,organized_images/6324_Bicicleta_Infantil_Reforzada_Nathor_R12_con_Ruedit/6324_1.jpeg
2993,Bicicleta Carrozada Rodado 16 (N°2993 / N°2992 / N°3795,Bicicletas,"🎨 Colores disponibles:
🟢 Verde
🔵 Azul
🟡 Amarillo",,175034,148779,157531,145278,148183,,,2026-08-03T11:32:15,organized_images/2993_Bicicleta_Carrozada_Rodado_16_N2993__N2992__N3795/2993_1.jpeg
6290,Bicicleta Corvo Infantil 16,Bicicletas,⚪ (6290) BLANCA,"✅ Horquilla de Acero
✅ Cuadro de Acero
✅ Manubrio de Acero
✅ Guardabarros en ambas ruedas",177973,151277,160175,147718,,3,59324,2026-08-03T11:32:15,organized_images/6290_Bicicleta_Corvo_Infantil_16/6290_1.jpeg
6291,"Bicicleta Corvo Infantil Paseo 16"" VIT-16ACECAN",Bicicletas,🟢 Verde Agua (6291),"✅ Cuadro de acero
✅ Incluye canasto
✅ Asiento trasero
✅ Llanta de aleación doble pared",201703,171447,181532,167413,,3,67234,2026-08-03T11:32:15,organized_images/6291_Bicicleta_Corvo_Infantil_Paseo_16_VIT-16ACECAN/6291_1.jpeg|organized_images/6291_Bicicleta_Corvo_Infantil_Paseo_16_VIT-16ACECAN/6291_2.jpeg
7703,Bicicleta Anderson Acero S400 R29,Bicicletas,"🎨 Modelos disponibles:
⚫🔴 Negro/Rojo (N°7703/7705)
⚫🔵 Negro/Azul (N°7701/7697)
⚙️⚫ Gris/Negro (N°7700/7704/7707)
⚫🌸 Negro/Rosa⛔ (N°7699/7706)
⚫⚪ Negro/Blanco (N°7698/7702/7709)",,212443,180577,191199,176328,179854,,,2026-08-03T11:32:15,organized_images/7703_Bicicleta_Anderson_Acero_S400_R29/7703_1.jpeg
AUTO-20260803113954-525,Secarropas Centrifigado 6kg 2800 Rpm Vitta Silver,Lavarropas/Secarropas,,,225433,191618,202890,187109,190852,3,75144,2026-08-03T11:39:54,organized_images/AUTO-20260803113954-525_Secarropas_Centrifigado_6kg_2800_Rpm_Vitta_Silver/AUTO-20260803113954-525_1.jpeg
AUTO-20260803113954-537,Secarropas Centrifigado 6kg 2800 Rpm Vitta Blanco,Lavarropas/Secarropas,,,213568,181533,192211,177261,180807,3,71189,2026-08-03T11:39:54,organized_images/AUTO-20260803113954-537_Secarropas_Centrifigado_6kg_2800_Rpm_Vitta_Blanco/AUTO-20260803113954-537_1.jpeg
7695,Celular Samsung A07 64 GB (N°7695,Celulares,🛒 Celular Samsung A07 64 GB (N°7695),,218433,185668,196590,181299,184925,,,2026-08-03T11:46:40,organized_images/7695_Celular_Samsung_A07_64_GB_N7695/7695_1.jpeg
8582,Celular Enova E10 3GB RAM / 32GB Blanco,Celulares,(8582),"* ✅ 3GB de RAM para un uso ágil y fluido
* ✅ 32GB de almacenamiento para tus apps y fotos
* ✅ Diseño compacto y práctico para el día a día",117646,99999,101999,97646,,3,39216,2026-08-03T11:46:41,organized_images/8582_Celular_Enova_E10_3GB_RAM__32GB_Blanco/8582_1.jpeg
AUTO-20260803133614-628,Paleta de Pádel Pro Cigio,Deportes,,,73528,62499,66175,61199,,3,24509,2026-08-03T13:36:14,organized_images/AUTO-20260803133614-628_Paleta_de_Pádel_Pro_Cigio/AUTO-20260803133614-628_1.jpeg
6900,Cama Elástica 1.8 Mts XPLAY IMZ-180VEPS (N°6900,Outdoor/Playa,"🛒 Cama Elástica 1.8 Mts XPLAY IMZ-180VEPS (N°6900)
🔒 Cierre en red de seguridad
🛡️ Red de seguridad interna
🔩 36 resortes reforzados
🦵 3 patas de hierro resistentes",,206428,175400,178973,171335,,3,68809,2026-08-03T13:49:23,organized_images/6900_Cama_Elástica_18_Mts_XPLAY_IMZ-180VEPS_N6900/6900_1.jpeg
6902,"Cama Elástica 2,44 Mts XPLAY IMZ-244VEPS (N°6902",Outdoor/Playa,"🛒 Cama Elástica 2,44 Mts XPLAY IMZ-244VEPS (N°6902)",,274520,233342,247068,227852,,,,2026-08-03T13:50:23,organized_images/6902_Cama_Elástica_244_Mts_XPLAY_IMZ-244VEPS_N6902/6902_1.jpeg
6556,Juego de Tobogán Rotomoldeado 3 Escalones XPLAY NRA 203S (N°6556,Outdoor/Playa,🛒 Juego de Tobogán Rotomoldeado 3 Escalones XPLAY NRA 203S (N°6556),,85020,72267,76518,70567,,,,2026-08-03T13:51:00,organized_images/6556_Juego_de_Tobogán_Rotomoldeado_3_Escalones_XPLAY_NR/6556_1.jpeg
6557,Juego de Tobogán Rotomoldeado 4 Escalones XPLAY (N°6557,Outdoor/Playa,🛒 Juego de Tobogán Rotomoldeado 4 Escalones XPLAY (N°6557),,187025,158971,168322,155231,,,,2026-08-03T13:52:20,organized_images/6557_Juego_de_Tobogán_Rotomoldeado_4_Escalones_XPLAY_N6/6557_1.jpeg
6973,Tobogán Plegable 4 Escalones Naranja-Celeste Agua NRA-204-AGUA (N°6973,Outdoor/Playa,🛒 Tobogán Plegable 4 Escalones Naranja-Celeste Agua NRA-204-AGUA (N°6973),,216154,183731,194539,179408,,,,2026-08-03T13:52:44,organized_images/6973_Tobogán_Plegable_4_Escalones_Naranja-Celeste_Agua_/6973_1.jpeg
6899,"Cama Elástica 1,40 Mts XPLAY IMZ-140MUBB (N°6899",Outdoor/Playa,"🛒 Cama Elástica 1,40 Mts XPLAY IMZ-140MUBB (N°6899)",,133605,113564,120244,110892,,,,2026-08-03T13:56:08,organized_images/6899_Cama_Elástica_140_Mts_XPLAY_IMZ-140MUBB_N6899/6899_1.jpeg
6559,"Juego de Hamaca Gemela 1,40 Mts XPLAY (N°6559",Outdoor/Playa,"🛒 Juego de Hamaca Gemela 1,40 Mts XPLAY (N°6559)",,114151,97028,102736,94745,,,,2026-08-03T13:59:08,organized_images/6559_Juego_de_Hamaca_Gemela_140_Mts_XPLAY_N6559/6559_1.jpeg
351,Heladera Auto Defrost Briket BK2F 1310 Blanca 257 L (N°351,Heladeras/Freezers,🛒 Heladera Auto Defrost Briket BK2F 1310 Blanca 257 L (N°351),,655142,556871,589628,543768,554643,,,2026-08-04T09:41:29,organized_images/351_Heladera_Auto_Defrost_Briket_BK2F_1310_Blanca_257_/351_1.jpeg
6649,Heladera Telefunken One Door con Dispenser 260 L Silver (N°6649,Heladeras/Freezers,,,476313,404866,428682,395340,403247,,,2026-08-04T09:41:30,organized_images/6649_Heladera_Telefunken_One_Door_con_Dispenser_260_L_S/6649_1.jpeg
2334,Heladera Briket Bajo Mesada BK1F 1010 Blanca (N°2334,Heladeras/Freezers,🛒 Heladera Briket Bajo Mesada BK1F 1010 Blanca (N°2334),,421048,357891,378943,349470,,3,140349,2026-08-04T09:41:30,organized_images/2334_Heladera_Briket_Bajo_Mesada_BK1F_1010_Blanca_N2334/2334_1.jpeg
5671,Frigobar Telefunken 50L TFK-R50GEB,Heladeras/Freezers,"🎨 Colores disponibles:
⚪ Blanco (N°5671)
⚫ Negro (N°5758)
🔴 Rojo (N°5757)
🔘 Gris (N°5756)
🏷️ Minorista $198.809
📲 11 6795-8796",,220899,187764,198809,194391,,,,2026-08-04T09:41:30,organized_images/5671_Frigobar_Telefunken_50L_TFK-R50GEB/5671_1.jpeg
AUTO-20260804094130-821,Heladera Enova freezer sup. De-frost 113lts Gris,Heladeras/Freezers,🛒 Heladera Enova freezer sup. De-frost 113lts Gris,,445782,378915,401204,369999,385100,,,2026-08-04T09:41:30,organized_images/AUTO-20260804094130-821_Heladera_Enova_freezer_sup_De-frost_113lts_Gris/AUTO-20260804094130-821_1.jpeg
5952,Freezer Horizontal Midea Inverter 194l Color Blanco (N°5952,Heladeras/Freezers,🛒 Freezer Horizontal Midea Inverter 194l Color Blanco (N°5952),,631270,536580,568143,523954,,,,2026-08-04T09:41:30,organized_images/5952_Freezer_Horizontal_Midea_Inverter_194l_Color_Blanc/5952_1.jpeg
5123,Cocina Industrial Usman Win Compact 52CM 4H P/V (N°5123,Cocinas/Hornos/Microondas,🛒 Cocina Industrial Usman Win Compact 52CM 4H P/V (N°5123),,360096,306082,324086,298880,304858,,,2026-08-04T09:43:28,organized_images/5123_Cocina_Industrial_Usman_Win_Compact_52CM_4H_PV_N51/5123_1.jpeg
2220,Cocina Industrial Usman Irina Pta. Vidrio 550 (2220) (N°6870,Cocinas/Hornos/Microondas,"📲 11 6795-8796
📊 Post 85/60",,583484,495961,525136,484292,505803,,,2026-08-04T09:43:28,organized_images/2220_Cocina_Industrial_Usman_Irina_Pta_Vidrio_550_2220_/2220_1.jpeg
6091,Cocina Electrica Kanji 50x50 (6091/6093,Cocinas/Hornos/Microondas,📲 11 6795-8796,,400120,340102,360108,332100,351636,,,2026-08-04T09:43:28,organized_images/6091_Cocina_Electrica_Kanji_50x50_60916093/6091_1.jpeg
5109,Cocina Eléctrica Vitta Negra 50X50 VIT-EKB001V (N°5109,Cocinas/Hornos/Microondas,📲 11 6795-8796,,398857,339028,358971,331051,350524,,,2026-08-04T09:43:28,organized_images/5109_Cocina_Eléctrica_Vitta_Negra_50X50_VIT-EKB001V_N51/5109_1.jpeg
8391,Microondas Smartlife 23 Litros Digital con Grill Color Negro SL-MVO23MDGB (N°8391,Cocinas/Hornos/Microondas,🛒 Microondas Smartlife 23 Litros Digital con Grill Color Negro SL-MVO23MDGB (N°8391),,194740,165529,175266,161634,164867,,,2026-08-04T09:53:56,organized_images/8391_Microondas_Smartlife_23_Litros_Digital_con_Grill_C/8391_1.jpeg
5292,Freidora de Aire Vitta 6.5 Lts Digital AFR-1501 (N°5292,Pequeños Electrodomésticos,,,71340,60639,64206,59212,60396,,,2026-08-04T09:53:56,organized_images/5292_Freidora_de_Aire_Vitta_65_Lts_Digital_AFR-1501_N52/5292_1.jpeg
5709,Freidora de Aire Vitta 2200W 11.8L Doble Canasto Digital Negro (N°5709,Pequeños Electrodomésticos,,,178511,151734,160660,148164,151127,,,2026-08-04T09:53:56,organized_images/5709_Freidora_de_Aire_Vitta_2200W_118L_Doble_Canasto_Di/5709_1.jpeg
5947,Freidora de Aire Futura Home 9.1L 1700W Sin Aceite Digital Negro (N°5947,Pequeños Electrodomésticos,,,120025,102021,108022,99621,101613,,,2026-08-04T09:53:56,organized_images/5947_Freidora_de_Aire_Futura_Home_91L_1700W_Sin_Aceite_/5947_1.jpeg
6163,"Freidora de Aire Vitta Sin Aceite 11,8 Litros 1600 Watts - Gris (N°6163",Pequeños Electrodomésticos,,,108749,92437,97874,90262,92067,,,2026-08-04T09:53:56,organized_images/6163_Freidora_de_Aire_Vitta_Sin_Aceite_118_Litros_1600_/6163_1.jpeg
6647,Freidora de Aire Sin Aceite Midow 3.5 Lts 1200W Display LED Blanca (N°6647,Pequeños Electrodomésticos,,,50053,42545,45048,41544,42375,,,2026-08-04T09:53:56,organized_images/6647_Freidora_de_Aire_Sin_Aceite_Midow_35_Lts_1200W_Dis/6647_1.jpeg
6648,Freidora De Aire Sin Aceite Midow 3.5 Lts 1200w Display Led Negro (N°6648,Pequeños Electrodomésticos,,,50053,42545,45048,41544,42375,,,2026-08-04T09:53:56,organized_images/6648_Freidora_De_Aire_Sin_Aceite_Midow_35_Lts_1200w_Dis/6648_1.jpeg
9063,"Freidora SMARTLIFE De Aire De 4,2L Digital (SL-AF90001) (N°9063",Pequeños Electrodomésticos,,,66092,56178,59483,54856,55954,,,2026-08-04T09:53:56,organized_images/9063_Freidora_SMARTLIFE_De_Aire_De_42L_Digital_SL-AF900/9063_1.jpeg
5290,Freidora de Aire Vitta 8Lts. Digital AFR-1701 (N°5290,Pequeños Electrodomésticos,,,80824,68700,72742,67084,68426,,,2026-08-04T09:53:56,organized_images/5290_Freidora_de_Aire_Vitta_8Lts_Digital_AFR-1701_N5290/5290_1.jpeg
5126,Microondas Vitta Mecánico 23L VIT-MW2XLX002 700W Blanco (N°5126,Cocinas/Hornos/Microondas,,,112123,95305,100911,93062,94923,,,2026-08-04T09:53:56,organized_images/5126_Microondas_Vitta_Mecánico_23L_VIT-MW2XLX002_700W_B/5126_1.jpeg
5127,Microondas Vitta Digital 23L VIT-MW2XLX001 1000W Blanco (N°5127,Cocinas/Hornos/Microondas,,,113407,96396,102066,94128,96011,,,2026-08-04T09:53:56,organized_images/5127_Microondas_Vitta_Digital_23L_VIT-MW2XLX001_1000W_B/5127_1.jpeg
7097,Microondas Microsonic Digital Panel Táctil 23 Lts. 1000w (N°7097,Cocinas/Hornos/Microondas,,,119077,101215,107169,98834,100810,,,2026-08-04T09:53:57,organized_images/7097_Microondas_Microsonic_Digital_Panel_Táctil_23_Lts_/7097_1.jpeg
8392,Microondas Smartlife 29 Litros Digital C/Grill Color Negro SL-MVO29MDGB (N°8392,Cocinas/Hornos/Microondas,,,212445,180578,191200,176329,179855,,,2026-08-04T09:53:57,organized_images/8392_Microondas_Smartlife_29_Litros_Digital_CGrill_Colo/8392_1.jpeg
9428,Anafe Eurocook 1 Hornalla con Resistencia 1000W (N°9428,Cocinas/Hornos/Microondas,,,17711,15054,15940,14700,14994,,,2026-08-04T09:53:57,organized_images/9428_Anafe_Eurocook_1_Hornalla_con_Resistencia_1000W_N9/9428_1.jpeg
7200,Anafe Eléctrico Vitrocerámico 60 Cm Negro Drean Aedr60cnv (N°7200,Cocinas/Hornos/Microondas,,,552643,469747,497379,458694,,,,2026-08-04T09:53:57,organized_images/7200_Anafe_Eléctrico_Vitrocerámico_60_Cm_Negro_Drean_Ae/7200_1.jpeg
1668,Cocina Escorial Candor S2 Negra Gas Natural (Candor S2) (N°1668,Cocinas/Hornos/Microondas,,,361300,307105,325170,299879,,,,2026-08-04T11:04:07,organized_images/1668_Cocina_Escorial_Candor_S2_Negra_Gas_Natural_Candor/1668_1.jpeg
1669,Cocina Escorial Candor Gas Envasado Con Puerta Con Visor Color Blanco (N°1669,Cocinas/Hornos/Microondas,,,354216,301084,318794,293999,317646,,,2026-08-04T11:04:07,organized_images/1669_Cocina_Escorial_Candor_Gas_Envasado_Con_Puerta_Con/1669_1.jpeg
7663,Metegol PROGOL Clásico Profesional Rojo,Varios,"🏆 Metegol PROGOL Clásico Profesional Rojo 🏆
(7663)
📏 Medidas :","> ✅ Estructura súper resistente
> ✅ Estadio de aluminio
> ✅ Piso de chapa
> ✅ Jugadores de aluminio
> ✅ Patas de caño estructural
> ✅ Pintura epoxi de alta resistencia
> ✅ Cuenta goles incorporado
• Largo: 1,40 m
• Ancho: 1 m
• Alto: 85 cm",341040,289884,306936,283063,,3,113680,2026-08-04T11:24:39,organized_images/7663_Metegol_PROGOL_Clásico_Profesional_Rojo/7663_1.jpeg
6426,COMBO ARGENTINO,Combos,"🌀 Secarropas Centrifugado 6kg 2800 Rpm Vitta Blanco (N°6426)
🌀 Lavarropas Semiautomático Superior 10 Kg 6 Programas Vitta Blanco (N°6611)",,355946,302554,308606,295435,,3,118649,2026-08-04T12:25:11,organized_images/6426_COMBO_ARGENTINO/6426_1.jpeg
6618,Colchon De Resorte Vitta Oasis 2 Plaza 140x190x23 Blanco (N°6618,Hogar/Baño,🛒 Colchon De Resorte Vitta Oasis 2 Plaza 140x190x23 Blanco (N°6618),,273230,232246,245907,226781,,,,2026-08-04T15:22:42,organized_images/6618_Colchon_De_Resorte_Vitta_Oasis_2_Plaza_140x190x23_/6618_1.jpeg
8956,Inflador Portátil Midow (N°8956,Pequeños Electrodomésticos,,,46347,39395,41712,38468,,,,2026-08-04T15:56:15,organized_images/8956_Inflador_Portátil_Midow_N8956/8956_1.jpeg
5925,Lijadora Profesional Orbital Kanji Tools 230W Kit LO2302GB Negro (N°5925,Cocinas/Hornos/Microondas,,,47524,40395,42772,39445,40234,,,2026-08-04T15:56:16,organized_images/5925_Lijadora_Profesional_Orbital_Kanji_Tools_230W_Kit_/5925_1.jpeg
5921,Rotomartillo Kanji Tools 800W Kit RM8002PB Negro (N°5921,Cocinas/Hornos/Microondas,,,72499,61624,65249,60174,61378,,,2026-08-04T15:56:16,organized_images/5921_Rotomartillo_Kanji_Tools_800W_Kit_RM8002PB_Negro_N/5921_1.jpeg
6003,Lijadora Profesional Orbital Rectangular Kanji Tools 200W Negro (N°6003,Cocinas/Hornos/Microondas,,,35089,29826,31580,29124,29707,,,2026-08-04T15:56:18,organized_images/6003_Lijadora_Profesional_Orbital_Rectangular_Kanji_Too/6003_1.jpeg
2490,Minitorno Konan Maletín & Accesorios 180W KMT/180 (N°2490,Herramientas,"⚙️ Velocidad: 5000 - 33000 RPM
🔩 Capacidad de boquilla 3.2 mm
⚡ Potencia 180W
🧰 Incluye accesorios
💰 Llevando 3u IGUALES $44.915
💰 Llevando 3u IGUALES $42.499",,50923,43285,45831,42266,,3,16975,2026-08-04T15:56:19,organized_images/2490_Minitorno_Konan_Maletín__Accesorios_180W_KMT180_N2/2490_1.jpeg
5401,Termofusora Konan 1500W KTEF/1500 (5401,Herramientas,,"✅ Uso profesional
✅ Temperatura 0-300°C
✅ Incluye maletín, tijera y pie
✅ Muy fácil de usar",61152,51979,55037,50756,,,,2026-08-04T15:56:20,organized_images/5401_Termofusora_Konan_1500W_KTEF1500_5401/5401_1.jpeg
5643,Combo Taladro 750W y Amoladora Angular 115 mm 720W Konan KCKITTAE (N°5643,Herramientas,,,66982,56935,60284,55595,56707,,,2026-08-04T15:56:20,organized_images/5643_Combo_Taladro_750W_y_Amoladora_Angular_115_mm_720W/5643_1.jpeg
6884,Taladro Percutor Konan 13 mm 750W KC13E (N°6884,Herramientas,,,32771,27855,29494,27200,27744,,,2026-08-04T15:56:20,organized_images/6884_Taladro_Percutor_Konan_13_mm_750W_KC13E_N6884/6884_1.jpeg
7051,Amoladora Angular Konan 115 mm 720W Corte y Desbaste Eléctrica Amarillo y Negro KC115 (N°7051,Herramientas,,,34830,29606,31347,28909,29487,,,2026-08-04T15:56:20,organized_images/7051_Amoladora_Angular_Konan_115_mm_720W_Corte_y_Desbas/7051_1.jpeg
6881,Hidrolavadora Konan 1300W KHI1300 (N°6881,Lavarropas/Secarropas,,,91678,77926,82510,76093,77615,,,2026-08-04T15:56:21,organized_images/6881_Hidrolavadora_Konan_1300W_KHI1300_N6881/6881_1.jpeg
6877,Aspiradora Sopladora Midow 1200W 15 Lts Líquidos y Polvo MDWA15 (N°6877,Pequeños Electrodomésticos,,,78611,66819,70750,65247,66552,,,2026-08-04T15:56:21,organized_images/6877_Aspiradora_Sopladora_Midow_1200W_15_Lts_Líquidos_y/6877_1.jpeg
5528,Equipo Pistola para Pintar Látex Midow 650W (N°5528,Pequeños Electrodomésticos,,,29714,25257,26743,24663,25156,,,2026-08-04T15:56:22,organized_images/5528_Equipo_Pistola_para_Pintar_Látex_Midow_650W_N5528/5528_1.jpeg
6880,Hidrolavadora Midow 1300W 105 Bar Caudal 360 L/h con Accesorios Celeste 50 Hz (N°6880,Lavarropas/Secarropas,,,86936,73896,78242,72157,73600,,,2026-08-04T15:56:22,organized_images/6880_Hidrolavadora_Midow_1300W_105_Bar_Caudal_360_Lh_co/6880_1.jpeg
6749,Chifonier 3 Cajones (6749,Hogar/Baño,,,97467,82847,87720,80898,,3,32489,2026-08-04T15:56:22,organized_images/6749_Chifonier_3_Cajones_6749/6749_1.jpeg
6753,Bajomesada Vitta 2 Puertas / 3 Cajones (6753,Hogar/Baño,,,109321,92923,98389,90736,,3,36440,2026-08-04T15:56:22,organized_images/6753_Bajomesada_Vitta_2_Puertas__3_Cajones_6753/6753_1.jpeg
6748,Mesa de Luz Vitta con Cajón (6748,Hogar/Baño,"📏 Medidas: 40 x 35,5 x 56,5 cm",,39514,33587,35563,32797,,3,13171,2026-08-04T15:56:23,organized_images/6748_Mesa_de_Luz_Vitta_con_Cajón_6748/6748_1.jpeg
2058,Termotanque Eléctrico Sirena 40LTS (N°2058,Cocinas/Hornos/Microondas,"🛒 Termotanque Eléctrico Sirena 40LTS (N°2058)
⚡ Soporte para colgar
⚡ Aislación térmica alta densidad
⚡ Conexión de agua superior e inferior
⚡ Medidas: 45 x 45 cm",,220147,187125,198133,182722,,3,73383,2026-08-04T15:56:23,organized_images/2058_Termotanque_Eléctrico_Sirena_40LTS_N2058/2058_1.jpeg
6167,Bomba Centrífuga de 3/4 HP KONAN KBC34 (N°6167,Herramientas,🛒 Bomba Centrífuga de 3/4 HP KONAN KBC34 (N°6167),,100820,85697,90738,83681,,,,2026-08-04T17:01:52,organized_images/6167_Bomba_Centrífuga_de_34_HP_KONAN_KBC34_N6167/6167_1.jpeg
6168,Bomba Centrífuga de 1 Hp KONAN-KBC1 (N°6168,Herramientas,📲 11 6795-8796,,98845,84018,88960,82041,83681,,,2026-08-04T17:02:15,organized_images/6168_Bomba_Centrífuga_de_1_Hp_KONAN-KBC1_N6168/6168_1.jpeg
7006,Compresor de Aire con Kit Konan 40 L 2 HP 8 Bar 135 L/min Doble Salida (N°7006,Herramientas,,,264094,224480,237685,219198,,,,2026-08-04T17:02:46,organized_images/7006_Compresor_de_Aire_con_Kit_Konan_40_L_2_HP_8_Bar_13/7006_1.jpeg
7007,Set Taladro Konan a Batería 12V + Herramientas KSET12V (N°7007,Herramientas,🛒 Set Taladro Konan a Batería 12V + Herramientas KSET12V (N°7007),,58686,49883,52817,48709,,,,2026-08-04T17:03:19,organized_images/7007_Set_Taladro_Konan_a_Batería_12V__Herramientas_KSET/7007_1.jpeg
7039,Grifería para Baño con Juego de Ducha,Hogar/Baño,(7039),"* ✅ Incluye grifería y juego de ducha completo
* ✅ Diseño moderno y terminación de calidad
* ✅ Ideal para renovar tu baño con estilo y funcionalidad",31164,26489,27020,25866,,3,10388,2026-08-04T17:04:17,organized_images/7039_Grifería_para_Baño_con_Juego_de_Ducha/7039_1.jpeg
7043,Grifería Cocina Monocomando Acero Inoxidable,Cocinas/Hornos/Microondas,(7043),"* ✅ Fabricada en acero inoxidable
* ✅ Monocomando para regular agua fría y caliente fácilmente
* ✅ Diseño moderno, ideal para cualquier cocina",52332,44482,45372,43436,,3,17444,2026-08-04T17:04:59,organized_images/7043_Grifería_Cocina_Monocomando_Acero_Inoxidable/7043_1.jpeg
7044,Grifería Cocina Monocomando,Cocinas/Hornos/Microondas,(7044),"* ✅ Monocomando práctico y fácil de usar
* ✅ Diseño moderno para renovar tu cocina
* ✅ Calidad y durabilidad para el uso diario",27056,22998,23458,22456,,3,901867,2026-08-04T17:05:34,organized_images/7044_Grifería_Cocina_Monocomando/7044_1.jpeg
9017,Grifería Cocina Monocomando Negra Ø35,Cocinas/Hornos/Microondas,(9017),"* ✅ Elegante terminación color negro mate
* ✅ Monocomando para mayor comodidad de uso
* ✅ Diseño moderno con pico redondo",21756,18493,18863,18057,,3,7252,2026-08-04T17:06:06,organized_images/9017_Grifería_Cocina_Monocomando_Negra_Ø35/9017_1.jpeg
07221,Cocina Vitta Multigas 52 Cm Puerta Y Respaldar De Vidrio (07221) Negro Multigas (N°6032,Cocinas/Hornos/Microondas,,,301204,256023,271084,249999,254999,,,2026-08-04T17:08:45,organized_images/07221_Cocina_Vitta_Multigas_52_Cm_Puerta_Y_Respaldar_De_/07221_1.jpeg
5923,Atornillador Inalámbrico Kanji Tools 12V KIT-AT121PB (N°5923,Cocinas/Hornos/Microondas,💸 $30.164,"✅ Velocidad 0–750 r/min
✅ Torque 16 Nm
✅ Empuñadura ergonómica
✅ Voltaje 12V",30164,25639,27148,25036,,,,2026-08-04T17:10:31,organized_images/5923_Atornillador_Inalámbrico_Kanji_Tools_12V_KIT-AT121/5923_1.jpeg
AUTO-20260804171115-1412,Horno Eléctrico SmartLife 30 Litros[9586,Cocinas/Hornos/Microondas,,"* ✅ Capacidad de 30 litros, ideal para toda la familia
* ✅ Perfecto para hornear, gratinar y recalentar
* ✅ Control de temperatura y timer para una cocción precisa",112940,95999,97919,93740,,3,37647,2026-08-04T17:11:15,organized_images/AUTO-20260804171115-1412_Horno_Eléctrico_SmartLife_30_Litros9586/AUTO-20260804171115-1412_1.jpeg
7215,Cajonera 3x15L Negro Yute PLORPLI303287 (N°7215,Hogar/Baño,"🗄️ Posee 3 cajones amplios
🧱 Material plástico resistente
📏 Medidas: 40 x 30 x 60 cm
🪶 Diseño práctico y liviano
💸 $39.999",,39999,33999,35999,33199,,,,2026-08-04T17:13:35,organized_images/7215_Cajonera_3x15L_Negro_Yute_PLORPLI303287_N7215/7215_1.jpeg
4853,Tostadora Vitta Verde Doble (N°4853,Pequeños Electrodomésticos,"🏷️ Minorista $17.909
📲 11 6795-8796",,19899,16914,17909,17511,,3,6633,2026-08-04T17:14:45,organized_images/4853_Tostadora_Vitta_Verde_Doble_N4853/4853_1.jpeg
AUTO-20260804171537-1444,Celular Motorola G04 4 GB / 64 GB,Celulares,🛒 Celular Motorola G04 4 GB / 64 GB,,221204,188023,199084,183599,,,,2026-08-04T17:15:37,organized_images/AUTO-20260804171537-1444_Celular_Motorola_G04_4_GB__64_GB/AUTO-20260804171537-1444_1.jpeg
